{"cameraMode":{"drawMode":0,"name":"Shaded","section":"Shading Mode"},"sceneLighting":false,"audioPlay":false,"sceneViewState":{"m_AlwaysRefresh":false,"showFog":true,"showSkybox":true,"showFlares":true,"showImageEffects":true,"showParticleSystems":true,"showVisualEffectGraphs":true,"m_FxEnabled":false},"in2DMode":false,"pivot":{"x":-12.429804801940918,"y":-25.285839080810548,"z":23.790428161621095},"rotation":{"x":0.40494272112846377,"y":-0.18448783457279206,"z":0.08366361260414124,"w":0.8915642499923706},"size":34.3872184753418,"orthographic":false}