{"cameraMode":{"drawMode":0,"name":"Shaded","section":"Shading Mode"},"sceneLighting":false,"audioPlay":false,"sceneViewState":{"m_AlwaysRefresh":false,"showFog":true,"showSkybox":true,"showFlares":true,"showImageEffects":true,"showParticleSystems":true,"showVisualEffectGraphs":true,"m_FxEnabled":false},"in2DMode":false,"pivot":{"x":15.35879135131836,"y":-119.79251098632813,"z":200.1607208251953},"rotation":{"x":-0.28282418847084048,"y":-0.01925382763147354,"z":0.005759505555033684,"w":-0.9589093923568726},"size":127.93623352050781,"orthographic":false}