{"cameraMode":{"drawMode":0,"name":"Shaded","section":"Shading Mode"},"sceneLighting":false,"audioPlay":false,"sceneViewState":{"m_AlwaysRefresh":false,"showFog":true,"showSkybox":true,"showFlares":true,"showImageEffects":true,"showParticleSystems":true,"showVisualEffectGraphs":true,"m_FxEnabled":false},"in2DMode":false,"pivot":{"x":-4.004477500915527,"y":-4.133175849914551,"z":12.429303169250489},"rotation":{"x":0.40590137243270876,"y":-0.05615375190973282,"z":0.024998502805829049,"w":0.9118367433547974},"size":22.010990142822267,"orthographic":false}