{"cameraMode":{"drawMode":0,"name":"Shaded","section":"Shading Mode"},"sceneLighting":false,"audioPlay":false,"sceneViewState":{"m_AlwaysRefresh":false,"showFog":true,"showSkybox":true,"showFlares":true,"showImageEffects":true,"showParticleSystems":true,"showVisualEffectGraphs":true,"m_FxEnabled":false},"in2DMode":false,"pivot":{"x":-11.744903564453125,"y":-25.173675537109376,"z":22.47835922241211},"rotation":{"x":0.3484738767147064,"y":-0.20022009313106538,"z":0.07647353410720825,"w":0.9124686121940613},"size":31.838138580322267,"orthographic":false}